{"cameraMode":{"drawMode":0,"name":"Shaded","section":"Shading Mode"},"sceneLighting":true,"audioPlay":false,"sceneViewState":{"showFog":true,"showMaterialUpdate":true,"showSkybox":true,"showFlares":true,"showImageEffects":true,"showParticleSystems":true,"showVisualEffectGraphs":true,"m_FxEnabled":true},"in2DMode":false,"pivot":{"x":87.6673355102539,"y":4.103832721710205,"z":10.657388687133789},"rotation":{"x":-0.0038175242953002455,"y":0.9815961122512817,"z":-0.02004001848399639,"w":-0.19052129983901978},"size":2.5306506156921388,"orthographic":false}