{"cameraMode":{"drawMode":0,"name":"Shaded","section":"Shading Mode"},"sceneLighting":true,"audioPlay":false,"sceneViewState":{"showFog":true,"showMaterialUpdate":true,"showSkybox":true,"showFlares":true,"showImageEffects":true,"showParticleSystems":true,"showVisualEffectGraphs":true,"m_FxEnabled":true},"in2DMode":false,"pivot":{"x":87.20692443847656,"y":3.1301462650299074,"z":11.139122009277344},"rotation":{"x":0.0018518203869462014,"y":0.679521381855011,"z":-0.0015318791847676039,"w":0.7338086366653442},"size":0.7069534063339233,"orthographic":false}