{"cameraMode":{"drawMode":0,"name":"Shaded","section":"Shading Mode"},"sceneLighting":true,"audioPlay":false,"sceneViewState":{"showFog":true,"showMaterialUpdate":true,"showSkybox":true,"showFlares":true,"showImageEffects":true,"showParticleSystems":true},"in2DMode":false,"pivot":{"x":9.879022598266602,"y":-0.7318738698959351,"z":0.6888265013694763},"rotation":{"x":0.136299729347229,"y":0.3321226239204407,"z":-0.04855979606509209,"w":0.9320770502090454},"size":8.711496353149414,"orthographic":false}